Colectivo,Orgánicos Kg,Orgánicos secos Kg,Total orgánicos Kg,Orgánicos procesados t,Tipo,Tecnica,Primer registro,Último registro,Años registrando,Días trabajados registrados,t orgánicos/mes,t orgánicos/año,Link red social,Alcance personas/colectivo,Horario de trabajo,Link ubicación ,Latitud y longitud,Localidad / municipio,Ciudad,Departamento,Crédito de carbono COP ,Potencial GWP del metano,t metano/t orgánicos,t CO2e/t orgánicos ,Metano evitado t,CO2e evitado t (VERs),COP/créditos de carbono,Metano evitado t/mes,Metano evitado t/año,CO2e evitado t/mes,CO2e evitado t/año,Costo/t en vertedero COP,t residuos/día/ciudad,Capacidad camion t,Viajes camion/día/ciudad,Gestión/día/ciudad COP,Viajes de camion evitados,Ahorro/gestón COP,% producción abono,Abono producido t,Humedad L/t,pH,Conductividad dS/m,% retención de humedad,Cenizas Kg/t,Perdidas por volatización Kg/t,Cap inter catiónico-CIC cmol/kg,Densidad g/cm³,Carbono orgánico Kg/t,Relación Carbono/Nitógeno,Nitrógeno Kg/t
Aagrubachué,0,0,0,"0,00",Huerta urbana,Paca,,,"0,0",0,"0,00","0,00",https://www.instagram.com/aagrubachue?utm_source=ig_web_button_share_sheet&igsh=ZDNlZDc0MzIxNw==,165,Horario pendiente,https://maps.app.goo.gl/2nz8Pv2NJJuyYfYS7,"4.607362349586158, -74.17764119146942",Bosa,Bogotá,Cundinamarca,$20.500,28,"0,12189","3,41","0,00",0,$0,"0,0000","0,000","0,000","0,000",110351,7500,12,625, $827.632.500,"0,00",$0,"0,00","0,0","0,0","0,0","0,0","0,0","0,0","0,0","0,0",0,"0,0","0,0","0,0"
Agroecologica Muyso,8021,8021,16042,"16,04",Huerta urbana,Paca,6/1/2024,27/6/2026,"2,5",47,"0,54","6,48",https://www.instagram.com/huertaagroecologicamuyso/,3189,"Sábados cada 15 días, 9 a 10 paca y hasta las 12 huerta",https://maps.app.goo.gl/Y9PDWFpu6zou5k1y7,"4.674063916568634, -74.13595541349113",Fontibon,Bogotá,Cundinamarca,$20.500,28,"0,12189","3,41","1,96","54,75006264",$1.122.376,"0,0658","0,790","1,843","22,121",110351,7500,12,625, $827.632.500,"1,34",$1.770.251,"0,46","7,3","366,7","6,9","2,6","500,0","162,5","150,0","46,5","0,7","254,2",16:1,"22,5"
Bonanza,"4014,67","4014,67","8029,34","8,03",Huerta urbana,Paca,10/2/2023,12/7/2026,"3,4",83,"0,20","2,35",https://www.instagram.com/huertalabonanza?igsh=N2l2djJvMTYycDFx,163,Sábados 10 am a 12 m,https://maps.app.goo.gl/hYV3ux636KoMqjZW7,"4.690782974199473, -74.08937631091521",Engativá,Bogotá,Cundinamarca,$20.500,28,"0,12189","3,41","0,98","27,40349507",$561.772,"0,0238","0,286","0,667","8,008",110351,7500,12,625, $827.632.500,"0,67",$886.046,"0,46","3,7","366,7","6,9","2,6","500,0","162,5","150,0","46,5","0,7","254,2",16:1,"22,5"
Bosque Urbano Canal Boyacá,788,788,1576,"1,58",Bosque urbano,Paca,27/1/2024,19/1/2025,"1,0",11,"0,13","1,61",https://web.facebook.com/CanalBoyaca,1379,Domingos cada 15 de 8 a 10 am,https://maps.app.goo.gl/ahhoD1UcKdYdG2CD6,"4.66338790638521, -74.1198002711638",Engativá,Bogotá,Cundinamarca,$20.500,28,"0,12189","3,41","0,19","5,37876192",$110.265,"0,0164","0,196","0,458","5,501",110351,7500,12,625, $827.632.500,"0,13",$173.913,"0,46","0,7","366,7","6,9","2,6","500,0","162,5","150,0","46,5","0,7","254,2",16:1,"22,5"
Cántaro,0,0,0,"0,00",Emprendimiento,Paca,,,"0,0",0,"0,00","0,00",https://www.instagram.com/cantaro.mercado?utm_source=ig_web_button_share_sheet&igsh=ZDNlZDc0MzIxNw==,2862,Horario aleatorio,https://maps.app.goo.gl/vLjndHDZ5YQfiapr9,"4.58379316450477, -74.00540539729259",El Verjón,Bogotá,Cundinamarca,$20.500,28,"0,12189","3,41","0,00",0,$0,"0,0000","0,000","0,000","0,000",110351,7500,12,625, $827.632.500,"0,00",$0,"0,00","0,0","0,0","0,0","0,0","0,0","0,0","0,0","0,0",0,"0,0","0,0","0,0"
Casa Basura Cero,111,111,222,"0,22",Emprendimiento,Paca,11/11/2024,11/11/2024,"0,0",1,"0,00","0,00",https://www.instagram.com/casabasuracero?utm_source=ig_web_button_share_sheet&igsh=ZDNlZDc0MzIxNw==,18,lunes a viernes de 9 a 3pm  fds de 10 - 2 pm ,https://maps.app.goo.gl/PX1zkyuRbvBYzdsv9,"4.6621467534092105, -74.00672491534479",San Luis,Bogotá,Cundinamarca,$20.500,28,"0,12189","3,41","0,03","0,75766824",$15.532,"0,0000","0,000","0,000","0,000",110351,7500,12,625, $827.632.500,"0,02",$24.498,"0,46","0,1","366,7","6,9","2,6","500,0","162,5","150,0","46,5","0,7","254,2",16:1,"22,5"
ChiaZuhé,121,121,242,"0,24",Huerta urbana,Paca,6/9/2023,27/4/2024,"0,6",2,"0,03","0,38",https://www.instagram.com/huertachiazuhe?igsh=MzRlODBiNWFlZA==,670,Sábados de 9:30 am a 12 m,https://maps.app.goo.gl/dQ7cZfT4ejzPqLYd6,"4.7060931924219265, -74.1205110697506",Engativá,Bogotá,Cundinamarca,$20.500,28,"0,12189","3,41","0,03","0,82592664",$16.931,"0,0038","0,046","0,107","1,287",110351,7500,12,625, $827.632.500,"0,02",$26.705,"0,46","0,1","366,7","6,9","2,6","500,0","162,5","150,0","46,5","0,7","254,2",16:1,"22,5"
Ciclo vivo,"3,5","3,5",7,"0,01",Emprendimiento,Lombricultivo,30/1/2024,30/1/2024,"0,0",1,"0,00","0,00",https://www.instagram.com/ciclovivo.co?igsh=MWQ2azkxaGNyM2I4bw==,3178,Horario pendiente,https://maps.app.goo.gl/Xp4fuzyuSTJ8XZZL7,"4.618488667034382, -74.0809709153441",Paloquemao,Bogotá,Cundinamarca,$20.500,28,"0,12189","3,41","0,00","0,02389044",$490,"0,0000","0,000","0,000","0,000",110351,7500,12,625, $827.632.500,"0,00",$772,"0,46","0,0","366,7","6,9","2,6","500,0","162,5","150,0","46,5","0,7","254,2",16:1,"22,5"
Círculo de Xué,250,250,500,"0,50",Huerta urbana,Paca,14/4/2024,28/4/2024,"0,0",3,"0,00","0,00",https://www.instagram.com/huertacirculodexue?igsh=MmtjbWwxMnJrYnhw,1546,Domingos 10 am a 2pm,https://maps.app.goo.gl/bPkgasJxtY43hXtF9,"4.614343661528622, -74.11538948763348",Puente Aranda,Bogotá,Cundinamarca,$20.500,28,"0,12189","3,41","0,06","1,70646",$34.982,"0,0000","0,000","0,000","0,000",110351,7500,12,625, $827.632.500,"0,04",$55.176,"0,46","0,2","366,7","6,9","2,6","500,0","162,5","150,0","46,5","0,7","254,2",16:1,"22,5"
Colectivo Cancha Grande,3010,3010,6020,"6,02",Nodo paquero,Paca,21/12/2024,22/6/2026,"1,5",51,"0,33","4,01",https://www.instagram.com/colecanchagrandelaestrella,716,"Martes, Sábado 9:00 am",https://maps.app.goo.gl/MTnqEJGFxvFPZ59G6,"3.4250924852097464, -76.55928717780064",Comuna 20,Cali,Valle del Cauca,$20.500,28,"0,12189","3,41","0,73","20,5457784",$421.188,"0,0407","0,488","1,139","13,672",176868,1800,12,150, $318.362.400,"0,50",$1.064.745,"0,46","2,8","366,7","6,9","2,6","500,0","162,5","150,0","46,5","0,7","254,2",16:1,"22,5"
Colectivo el Planchón Ecológico,18140,18140,36280,"36,28",Nodo paquero,Paca,19/12/2024,19/6/2026,"1,5",165,"2,02","24,19",https://www.instagram.com/planchon_ecologico/,24,"Martes, Jueves, Sábado 9:00 am ",https://maps.app.goo.gl/YsLw4VShYmFuuD8e8,"3.4249851194533973, -76.5573568290541",Comuna 20,Cali,Valle del Cauca,$20.500,28,"0,12189","3,41","4,42","123,8207376",$2.538.325,"0,2457","2,948","6,879","82,547",176868,1800,12,150, $318.362.400,"3,02",$6.416.771,"0,46","16,6","366,7","6,9","2,6","500,0","162,5","150,0","46,5","0,7","254,2",16:1,"22,5"
Colegio Nueva Esperanza,0,0,0,"0,00",Huerta urbana,Paca,,,"0,0",0,"0,00","0,00",Sin red social,0,Viernes 9:00 - 11:00 niños y 4:00 a 6:00 pm adultos,https://maps.app.goo.gl/QE93NJby294sqtHMA,"4.513677172344853, -74.09034537301771",Usme,Bogotá,Cundinamarca,$20.500,28,"0,12189","3,41","0,00",0,$0,"0,0000","0,000","0,000","0,000",110351,7500,12,625, $827.632.500,"0,00",$0,"0,00","0,0","0,0","0,0","0,0","0,0","0,0","0,0","0,0",0,"0,0","0,0","0,0"
Corazón de Tierra,0,0,0,"0,00",Huerta urbana,Paca,,,"0,0",0,"0,00","0,00",https://www.facebook.com/profile.php?id=61556664878801,36,Miércoles y Viernes de 9:00 am a 11:00 am,https://maps.app.goo.gl/CikhzxwVWxQj1sUy6,"4.54557963955172, -74.11178608465485",Usme,Bogotá,Cundinamarca,$20.500,28,"0,12189","3,41","0,00",0,$0,"0,0000","0,000","0,000","0,000",110351,7500,12,625, $827.632.500,"0,00",$0,"0,00","0,0","0,0","0,0","0,0","0,0","0,0","0,0","0,0",0,"0,0","0,0","0,0"
EcoBosque Urbano,"14655,32","14655,32","29310,64","29,31",Huerta urbana,Paca,27/9/2020,24/5/2026,"5,7",187,"0,43","5,18",https://www.instagram.com/ecobosqueurbano?utm_source=ig_web_button_share_sheet&igsh=ZDNlZDc0MzIxNw==,891,Sábados o Domingos 8 am,https://maps.app.goo.gl/TUg6MMr1YDBNCcMu7,"4.719593827889624, -74.12420655413568",Engativá,Bogotá,Cundinamarca,$20.500,28,"0,12189","3,41","3,57","100,0348695",$2.050.715,"0,0526","0,631","1,473","17,679",110351,7500,12,625, $827.632.500,"2,44",$3.234.458,"0,46","13,4","366,7","6,9","2,6","500,0","162,5","150,0","46,5","0,7","254,2",16:1,"22,5"
Ecompostaje los guayabales,6995,6995,13990,"13,99",Nodo paquero,Paca,19/12/2024,10/3/2026,"1,2",60,"0,95","11,42",https://www.instagram.com/paquerxscomuna20/,229,Martes y Sábados 9:00 am,https://maps.app.goo.gl/mGTFHv6Pb5QyzwiM7,"3.419426565444557, -76.56807807855012",Comuna 20,Cali,Valle del Cauca,$20.500,28,"0,12189","3,41","1,71","47,7467508",$978.808,"0,1160","1,392","3,248","38,977",176868,1800,12,150, $318.362.400,"1,17",$2.474.383,"0,46","6,4","366,7","6,9","2,6","500,0","162,5","150,0","46,5","0,7","254,2",16:1,"22,5"
Fapqua,89,89,178,"0,18",Huerta urbana,Paca,6/9/2023,15/1/2025,"1,4",8,"0,01","0,13",https://www.instagram.com/huertafapqua20gueta?utm_source=ig_web_button_share_sheet&igsh=ZDNlZDc0MzIxNw==,1901,Miercoles y Domingos de 10 am a 12 m,https://maps.app.goo.gl/d9wU1EXUQpGahVk26,"4.699715164863434, -74.12206270955367",Engativá,Bogotá,Cundinamarca,$20.500,28,"0,12189","3,41","0,02","0,60749976",$12.454,"0,0013","0,016","0,037","0,447",110351,7500,12,625, $827.632.500,"0,01",$19.642,"0,46","0,1","366,7","6,9","2,6","500,0","162,5","150,0","46,5","0,7","254,2",16:1,"22,5"
FontiHuerta,0,0,0,"0,00",Huerta urbana,Paca,,,"0,0",0,"0,00","0,00",https://www.instagram.com/huertahayuelos?utm_source=ig_web_button_share_sheet&igsh=ZDNlZDc0MzIxNw%3D%3D,304,Sábados 3 pm,https://maps.app.goo.gl/DfhCPpCqDCVMDg7y7,"4.665825025733417, -74.14249721349114",Fontibon,Bogotá,Cundinamarca,$20.500,28,"0,12189","3,41","0,00",0,$0,"0,0000","0,000","0,000","0,000",110351,7500,12,625, $827.632.500,"0,00",$0,"0,00","0,0","0,0","0,0","0,0","0,0","0,0","0,0","0,0",0,"0,0","0,0","0,0"
Fuhuracha,0,0,0,"0,00",Huerta urbana,Paca,,,"0,0",0,"0,00","0,00",https://www.instagram.com/corporacionsihyta?igsh=MTdjNXV2MGVnZ254Yw==,1503,Horario pendiente,https://maps.app.goo.gl/UbkRV5r55HNVnTGf6,"4.624272596837093, -74.12653108393809",Kenedy,Bogotá,Cundinamarca,$20.500,28,"0,12189","3,41","0,00",0,$0,"0,0000","0,000","0,000","0,000",110351,7500,12,625, $827.632.500,"0,00",$0,"0,00","0,0","0,0","0,0","0,0","0,0","0,0","0,0","0,0",0,"0,0","0,0","0,0"
Hayuelos,0,0,0,"0,00",Huerta urbana,Paca,,,"0,0",0,"0,00","0,00",https://www.instagram.com/huertahayuelos?igsh=MzRlODBiNWFlZA==,1115,Sábados 9:30 am a 1 pm,https://maps.app.goo.gl/gZy364R6CqpRVd8P7,"4.671932291381805, -74.13637790486803",Fontibon,Bogotá,Cundinamarca,$20.500,28,"0,12189","3,41","0,00",0,$0,"0,0000","0,000","0,000","0,000",110351,7500,12,625, $827.632.500,"0,00",$0,"0,00","0,0","0,0","0,0","0,0","0,0","0,0","0,0","0,0",0,"0,0","0,0","0,0"
Hishasue,"280,5","280,5",561,"0,56",Huerta urbana,Paca,31/3/2024,5/10/2025,"1,5",38,"0,03","0,37",https://www.instagram.com/huerta.hishasue?igsh=MzRlODBiNWFlZA==,1360,Domingos 10 am a 1 pm,https://maps.app.goo.gl/DuZZZRb6xeZREB7r5,"4.703297273181667, -74.08967104554016",Engativá,Bogotá,Cundinamarca,$20.500,28,"0,12189","3,41","0,07","1,91464812",$39.250,"0,0038","0,045","0,105","1,265",110351,7500,12,625, $827.632.500,"0,05",$61.907,"0,46","0,3","366,7","6,9","2,6","500,0","162,5","150,0","46,5","0,7","254,2",16:1,"22,5"
Huerta del fuego,120,120,240,"0,24",Huerta urbana,Paca,5/5/2024,5/5/2024,"0,0",1,"0,00","0,00",https://www.instagram.com/lahuertadelfuego?igsh=MTFpbHRrYW9uNGUybw==,2252,Domingos 9 am,https://maps.app.goo.gl/5ceGKjNy1a6sHxn2A,"4.6589106166976375, -74.11469121534479",Fontibon,Bogotá,Cundinamarca,$20.500,28,"0,12189","3,41","0,03","0,8191008",$16.792,"0,0000","0,000","0,000","0,000",110351,7500,12,625, $827.632.500,"0,02",$26.484,"0,46","0,1","366,7","6,9","2,6","500,0","162,5","150,0","46,5","0,7","254,2",16:1,"22,5"
Huerta El Tunjo,0,0,0,"0,00",Huerta urbana,Paca,,,"0,0",0,"0,00","0,00",https://www.instagram.com/huerta_el_tunjo?utm_source=ig_web_button_share_sheet&igsh=ZDNlZDc0MzIxNw==,1219,Sábados 9 am a 1 pm ,https://maps.app.goo.gl/35XgZn8KrJqnRy488,"4.579216555321119, -74.14417041349114",Tunjuelito,Bogotá,Cundinamarca,$20.500,28,"0,12189","3,41","0,00",0,$0,"0,0000","0,000","0,000","0,000",110351,7500,12,625, $827.632.500,"0,00",$0,"0,00","0,0","0,0","0,0","0,0","0,0","0,0","0,0","0,0",0,"0,0","0,0","0,0"
Huerta Tyzy Taquysqua,0,0,0,"0,00",Huerta urbana,Compostaje,,,"0,0",0,"0,00","0,00",https://www.instagram.com/huertatyzytaquysqua?utm_source=ig_web_button_share_sheet&igsh=ZDNlZDc0MzIxNw==,256,Domingos 1  a 5 pm,https://maps.app.goo.gl/qXtvXZwraT3yfwbH6,"4.615629661264428, -74.15695669295164",Kenedy,Bogotá,Cundinamarca,$20.500,28,"0,12189","3,41","0,00",0,$0,"0,0000","0,000","0,000","0,000",110351,7500,12,625, $827.632.500,"0,00",$0,"0,00","0,0","0,0","0,0","0,0","0,0","0,0","0,0","0,0",0,"0,0","0,0","0,0"
Huitaca,"4592,3","4592,3","9184,6","9,18",Huerta urbana,Paca,23/7/2023,12/7/2026,"3,0",71,"0,26","3,09",https://www.instagram.com/huerta.huitaca?igsh=MXNkc291cXlvOHBjaQ==,1334,Domingos 9:30 am - 11:30 am,https://maps.app.goo.gl/XdnUKQPmZS8x7NHQ6,"4.683574, -74.109224",Engativá,Bogotá,Cundinamarca,$20.500,28,"0,12189","3,41","1,12","31,34630503",$642.599,"0,0314","0,377","0,880","10,556",110351,7500,12,625, $827.632.500,"0,77",$1.013.530,"0,46","4,2","366,7","6,9","2,6","500,0","162,5","150,0","46,5","0,7","254,2",16:1,"22,5"
Huizhy,0,0,0,"0,00",Huerta urbana,Paca,,,"0,0",0,"0,00","0,00",https://www.instagram.com/huizhy_lahuerta/,145,Sábados 3 p.m.,https://maps.app.goo.gl/qCQUwMHLU3hURutk9,"4.585354001675435, -74.11114956564192",Rafael Uribe Uribe,Bogotá,Cundinamarca,$20.500,28,"0,12189","3,41","0,00",0,$0,"0,0000","0,000","0,000","0,000",110351,7500,12,625, $827.632.500,"0,00",$0,"0,00","0,0","0,0","0,0","0,0","0,0","0,0","0,0","0,0",0,"0,0","0,0","0,0"
Jardín Abuela Bagüe,0,0,0,"0,00",Jardin urbano,Paca,,,"0,0",0,"0,00","0,00",https://www.instagram.com/jardinbague_bog?utm_source=ig_web_button_share_sheet&igsh=ZDNlZDc0MzIxNw==,573,Sábados desde las 10:30 am ,https://maps.app.goo.gl/HLh3L4fT5GtbWrk37?g_st=ac,"4.6406332,-74.0881526",Teusaquillo,Bogotá,Cundinamarca,$20.500,28,"0,12189","3,41","0,00",0,$0,"0,0000","0,000","0,000","0,000",110351,7500,12,625, $827.632.500,"0,00",$0,"0,00","0,0","0,0","0,0","0,0","0,0","0,0","0,0","0,0",0,"0,0","0,0","0,0"
La Chucha Colectiva Ambientalista,"3313,5","3313,5",6627,"6,63",Comunidad,Paca,11/8/2024,12/7/2026,"1,9",44,"0,29","3,45",https://www.instagram.com/lachucha_ambientalista?utm_source=ig_web_button_share_sheet&igsh=ZDNlZDc0MzIxNw==,31,Domingos cada 15 días de 9:30 am a 11:30 am,https://maps.app.goo.gl/v8tGcimDZQs1KbZZA,"4.713802990549286, -73.97372152574866",La Calera,Bogotá,Cundinamarca,$20.500,28,"0,12189","3,41","0,81","22,61742084",$463.657,"0,0351","0,421","0,982","11,783",110351,7500,12,625, $827.632.500,"0,55",$731.296,"0,46","3,0","366,7","6,9","2,6","500,0","162,5","150,0","46,5","0,7","254,2",16:1,"22,5"
La huerta tierra del sol,0,0,0,"0,00",Huerta urbana,Paca,,,"0,0",0,"0,00","0,00",https://www.instagram.com/lahuertatierradelsol?utm_source=ig_web_button_share_sheet&igsh=ZDNlZDc0MzIxNw==,475,Domingos 9 am,https://maps.app.goo.gl/65ZnyS8wffZzumL48,"4.7265700932118015, -74.11582059999999",Engativá,Bogotá,Cundinamarca,$20.500,28,"0,12189","3,41","0,00",0,$0,"0,0000","0,000","0,000","0,000",110351,7500,12,625, $827.632.500,"0,00",$0,"0,00","0,0","0,0","0,0","0,0","0,0","0,0","0,0","0,0",0,"0,0","0,0","0,0"
Lafinca369,919,919,1838,"1,84",Huerta urbana,Paca,7/2/2024,7/6/2025,"1,3",52,"0,11","1,38",https://www.instagram.com/lafinca369?igsh=anc4ZDNxNDk2cHg=,1016,Domingos 9 am a 12 m,https://maps.app.goo.gl/psqrEqj4E5er3QmH8,"6.287485650147381, -75.59490024119154",Bello,Medellín,Antioquia ,$20.500,28,"0,12189","3,41","0,22","6,27294696",$128.595,"0,0140","0,168","0,392","4,705",75220,2000,12,167, $150.440.000,"0,15",$138.254,"0,46","0,8","366,7","6,9","2,6","500,0","162,5","150,0","46,5","0,7","254,2",16:1,"22,5"
Los Copetones,"2585,1","2585,1","5170,2","5,17",Huerta urbana,Paca,10/2/2024,11/7/2026,"2,4",40,"0,18","2,14",https://www.instagram.com/huertaloscopetones?igsh=dnQ4ZjI5MWF0eGU4,717,Sábados 9 am a 12 m,https://g.co/kgs/7cGGFPh,"4.60197395177942, -74.1120542153448",Puente Aranda,Bogotá,Cundinamarca,$20.500,28,"0,12189","3,41","0,63","17,64547898",$361.732,"0,0217","0,260","0,608","7,293",110351,7500,12,625, $827.632.500,"0,43",$570.537,"0,46","2,4","366,7","6,9","2,6","500,0","162,5","150,0","46,5","0,7","254,2",16:1,"22,5"
Luz de montaña,200,200,400,"0,40",Familia,Paca,29/8/2025,25/4/2026,"0,7",2,"0,05","0,61",https://www.instagram.com/luz_de_montana?utm_source=ig_web_button_share_sheet&igsh=ZDNlZDc0MzIxNw==,519,Lunes ó Miercoles 9 am,https://maps.app.goo.gl/CBEG1kudLRnPkCD97,"4.722450024847643, -74.1119180865086",Engativá,Bogotá,Cundinamarca,$20.500,28,"0,12189","3,41","0,05","1,365168",$27.986,"0,0062","0,074","0,174","2,082",110351,7500,12,625, $827.632.500,"0,03",$44.140,"0,46","0,2","366,7","6,9","2,6","500,0","162,5","150,0","46,5","0,7","254,2",16:1,"22,5"
Mamá Elvia,0,0,0,"0,00",Huerta casera,Paca,,,"0,0",0,"0,00","0,00",https://www.instagram.com/huerta_mama_elvia?utm_source=ig_web_button_share_sheet&igsh=ZDNlZDc0MzIxNw==,1401,Horario pendiente,https://maps.app.goo.gl/gBMVjutZgHSEfq5o6,"4.688541205192208, -74.10882812883628",Engativá,Bogotá,Cundinamarca,$20.500,28,"0,12189","3,41","0,00",0,$0,"0,0000","0,000","0,000","0,000",110351,7500,12,625, $827.632.500,"0,00",$0,"0,00","0,0","0,0","0,0","0,0","0,0","0,0","0,0","0,0",0,"0,0","0,0","0,0"
Manitas de luz,32,32,64,"0,06",Huerta urbana,Paca,23/4/2024,5/8/2024,"0,3",5,"0,02","0,23",https://www.facebook.com/profile.php?id=100083432107139&name=xhp_nt__fb__action__open_user,152,Horario pendiente,https://maps.app.goo.gl/u32aQpBRhV5fuWDV9,"4.703443296086017, -74.11964614310828",Engativá,Bogotá,Cundinamarca,$20.500,28,"0,12189","3,41","0,01","0,21842688",$4.478,"0,0023","0,028","0,064","0,771",110351,7500,12,625, $827.632.500,"0,01",$7.062,"0,46","0,0","366,7","6,9","2,6","500,0","162,5","150,0","46,5","0,7","254,2",16:1,"22,5"
MilpaSur,17,17,34,"0,03",Colectivo,Paca,31/8/2025,31/8/2025,"0,0",1,"0,00","0,00",Sin red social,0,Sábado o Domingo a las 10 am,https://maps.app.goo.gl/rQVjZ4BJoh15H3vQA,"4.6143313288204695, -74.14935898465825",Kenedy,Bogotá,Cundinamarca,$20.500,28,"0,12189","3,41","0,00","0,11603928",$2.379,"0,0000","0,000","0,000","0,000",110351,7500,12,625, $827.632.500,"0,00",$3.752,"0,46","0,0","366,7","6,9","2,6","500,0","162,5","150,0","46,5","0,7","254,2",16:1,"22,5"
MuisKmu,350,350,700,"0,70",Huerta urbana,Paca,21/4/2024,16/3/2025,"0,9",9,"0,06","0,78",https://www.instagram.com/muiskmu_ambiental?igsh=MzRlODBiNWFlZA==,129,Domingos cada 15 dias 4 pm,https://maps.app.goo.gl/K4CiAnb2uC1enMJXA,"4.597305261147927, -74.10410933220837",Puente Aranda,Bogotá,Cundinamarca,$20.500,28,"0,12189","3,41","0,09","2,389044",$48.975,"0,0079","0,095","0,221","2,646",110351,7500,12,625, $827.632.500,"0,06",$77.246,"0,46","0,3","366,7","6,9","2,6","500,0","162,5","150,0","46,5","0,7","254,2",16:1,"22,5"
Nakuma,0,0,0,"0,00",Huerta urbana,Paca,,,"0,0",0,"0,00","0,00",https://www.instagram.com/nakumacc?igsh=MzRlODBiNWFlZA==,2118,Horario pendiente,https://maps.app.goo.gl/4zbTpmKE6v6Ahq7v9,"4.640611458150787, -74.14279908650884",Kenedy,Bogotá,Cundinamarca,$20.500,28,"0,12189","3,41","0,00",0,$0,"0,0000","0,000","0,000","0,000",110351,7500,12,625, $827.632.500,"0,00",$0,"0,00","0,0","0,0","0,0","0,0","0,0","0,0","0,0","0,0",0,"0,0","0,0","0,0"
Niza9 Ecológica,3250,3250,6500,"6,50",Nodo paquero,Paca,11/1/2025,28/6/2025,"0,5",12,"1,17","14,01",https://www.instagram.com/nizaixecologica?igsh=azAwNXFvbGN2NXc1,0,Sábados cada 15 días a las 10:00 am,https://maps.app.goo.gl/T1ct9wLHBSAMKWoJ8,"4.711737178324017, -74.05983623316904",Suba,Bogotá,Cundinamarca,$20.500,28,"0,12189","3,41","0,79","22,18398",$454.772,"0,1423","1,708","3,985","47,822",110351,7500,12,625, $827.632.500,"0,54",$717.282,"0,46","3,0","366,7","6,9","2,6","500,0","162,5","150,0","46,5","0,7","254,2",16:1,"22,5"
Nodo paquero la 33 ,0,0,0,"0,00",Nodo paquero,Paca,,,"0,0",0,"0,00","0,00",Sin red social,0,Domingos cada 15 días de 9:30 am a 11:30 am,https://maps.app.goo.gl/ECJ52PCGACFDVXDH8,"4.629266588030584, -74.08433575568024",Teusaquillo,Bogotá,Cundinamarca,$20.500,28,"0,12189","3,41","0,00",0,$0,"0,0000","0,000","0,000","0,000",110351,7500,12,625, $827.632.500,"0,00",$0,"0,00","0,0","0,0","0,0","0,0","0,0","0,0","0,0","0,0",0,"0,0","0,0","0,0"
Nukak,"249,92","249,92","499,84","0,50",Huerta urbana,Paca,18/2/2024,19/5/2024,"0,3",7,"0,16","1,98",https://www.instagram.com/huerta.nukak?igsh=MTVyZXN4ZmVzZG16ZQ==,1031,Domingos 9 am a 10 am,https://maps.app.goo.gl/d3CfEJBgrnECV5sj7,"4.672502903398884, -74.12148307116372",Fontibon,Bogotá,Cundinamarca,$20.500,28,"0,12189","3,41","0,06","1,705913933",$34.971,"0,0201","0,241","0,562","6,749",110351,7500,12,625, $827.632.500,"0,04",$55.158,"0,46","0,2","366,7","6,9","2,6","500,0","162,5","150,0","46,5","0,7","254,2",16:1,"22,5"
Obafinsuka ,0,0,0,"0,00",Huerta urbana,Paca,,,"0,0",0,"0,00","0,00",https://www.instagram.com/obafinsukaecosistematintal?utm_source=ig_web_button_share_sheet&igsh=ZDNlZDc0MzIxNw==,1340,Miércoles y sábado 7:00 am a 10:00 am,https://goo.gl/maps/uEfnppRwRkeTXhwy9,"4.6559646632244, -74.16291427547627",Kenedy,Bogotá,Cundinamarca,$20.500,28,"0,12189","3,41","0,00",0,$0,"0,0000","0,000","0,000","0,000",110351,7500,12,625, $827.632.500,"0,00",$0,"0,00","0,0","0,0","0,0","0,0","0,0","0,0","0,0","0,0",0,"0,0","0,0","0,0"
Ozaín Verde Vida,0,0,0,"0,00",Huerta urbana,Paca,,,"0,0",0,"0,00","0,00",https://www.facebook.com/profile.php?id=61556664878801,36,Sábados de 7:00 am a 9:00 am,https://maps.app.goo.gl/dUht7iGim3ZBcDax5,"4.502275566745203, -74.08028291534515",Usme,Bogotá,Cundinamarca,$20.500,28,"0,12189","3,41","0,00",0,$0,"0,0000","0,000","0,000","0,000",110351,7500,12,625, $827.632.500,"0,00",$0,"0,00","0,0","0,0","0,0","0,0","0,0","0,0","0,0","0,0",0,"0,0","0,0","0,0"
Pa' todos vida,2607,2607,5214,"5,21",Colectivo,Paca,2/3/2025,3/8/2025,"0,4",17,"1,04","12,43",https://www.instagram.com/pa_todosvida?utm_source=ig_web_button_share_sheet&igsh=ZDNlZDc0MzIxNw==,82,"8 am a 10 am, cada quince días",https://maps.app.goo.gl/6CPbCfvvvZKib3YWA,"4.6484850074176185, -74.06914857065581",Teusaquillo,Bogotá,Cundinamarca,$20.500,28,"0,12189","3,41","0,64","17,79496488",$364.797,"0,1263","1,515","3,535","42,425",110351,7500,12,625, $827.632.500,"0,43",$575.370,"0,46","2,4","366,7","6,9","2,6","500,0","162,5","150,0","46,5","0,7","254,2",16:1,"22,5"
Paca de Acevedo,0,0,0,"0,00",Nodo paquero,Paca,,,"0,0",0,"0,00","0,00",Sin red social,0,Domingos cada 15 dias,https://maps.app.goo.gl/uicxa1Qx9z1NfLcp6,"4.63262123661061, -74.08132013502286",Teusaquillo,Bogotá,Cundinamarca,$20.500,28,"0,12189","3,41","0,00",0,$0,"0,0000","0,000","0,000","0,000",110351,7500,12,625, $827.632.500,"0,00",$0,"0,00","0,0","0,0","0,0","0,0","0,0","0,0","0,0","0,0",0,"0,0","0,0","0,0"
Paca del IBC,"179,72","179,72","359,44","0,36",Colegio,Paca,15/8/2024,20/2/2026,"1,5",16,"0,02","0,24",https://www.instagram.com/coleibc_/,227,Lunes a Viernes 6 am a 1pm,https://maps.app.goo.gl/5H2HSvQiRqECX9hf8,"4.592043718678715, -74.07502130793122",La Candelaria,Bogotá,Cundinamarca,$20.500,28,"0,12189","3,41","0,04","1,226739965",$25.148,"0,0024","0,029","0,068","0,810",110351,7500,12,625, $827.632.500,"0,03",$39.665,"0,46","0,2","366,7","6,9","2,6","500,0","162,5","150,0","46,5","0,7","254,2",16:1,"22,5"
Paca Mama,0,0,0,"0,00",Huerta urbana,Paca,,,"0,0",0,"0,00","0,00",https://www.instagram.com/paca.mama?igsh=dnl3Ymh5bG0xeXhq,1173,Sábados 10 am,https://maps.app.goo.gl/VVAdJgoUxnMWXb3y9,"4.581854213794314, -74.09283570348761",Rafael Uribe Uribe,Bogotá,Cundinamarca,$20.500,28,"0,12189","3,41","0,00",0,$0,"0,0000","0,000","0,000","0,000",110351,7500,12,625, $827.632.500,"0,00",$0,"0,00","0,0","0,0","0,0","0,0","0,0","0,0","0,0","0,0",0,"0,0","0,0","0,0"
Paca Portugal,108,108,216,"0,22",Huerta urbana,Paca,30/5/2026,27/6/2026,"0,1",2,"0,00","0,00",Sin red social,0,"Sábados cada 15 días, 10am-12pm",https://maps.app.goo.gl/H8fgHxPTAeDy5Bzr7,"4.64363586064222, -74.06036755889546",Chapinero,Bogotá,Cundinamarca,$20.500,28,"0,12189","3,41","0,03","0,73719072",$15.112,"0,0000","0,000","0,000","0,000",110351,7500,12,625, $827.632.500,"0,02",$23.836,"0,46","0,1","366,7","6,9","2,6","500,0","162,5","150,0","46,5","0,7","254,2",16:1,"22,5"
Paca Recreo Frailes Pacari,300,300,600,"0,60",Huerta urbana,Paca,18/5/2025,18/5/2025,"0,0",1,"0,00","0,00",https://www.instagram.com/pacadigestorasilvarecreobatan?utm_source=ig_web_button_share_sheet&igsh=ZDNlZDc0MzIxNw==,6825,Domingos 10-12 martes 4-6 viernes 5-7 ,https://maps.app.goo.gl/xpi2w1uy2BrjpMKn7?g_st=ic,"4.705267787866294, -74.06221013069027",Suba,Bogotá,Cundinamarca,$20.500,28,"0,12189","3,41","0,07","2,047752",$41.979,"0,0000","0,000","0,000","0,000",110351,7500,12,625, $827.632.500,"0,05",$66.211,"0,46","0,3","366,7","6,9","2,6","500,0","162,5","150,0","46,5","0,7","254,2",16:1,"22,5"
Paca-huerta Colibrí,335,335,670,"0,67",Huerta urbana,Paca,23/11/2025,24/5/2026,"0,5",7,"0,11","1,33",Sin red social,0,Domingos 10 am,https://maps.app.goo.gl/MvhnMEqikJ4YfJmR6,"4.611539811712525, -74.06532511812203",Santa Fe,Bogotá,Cundinamarca,$20.500,28,"0,12189","3,41","0,08","2,2866564",$46.876,"0,0135","0,162","0,379","4,548",110351,7500,12,625, $827.632.500,"0,06",$73.935,"0,46","0,3","366,7","6,9","2,6","500,0","162,5","150,0","46,5","0,7","254,2",16:1,"22,5"
Pacas Choquenzá - Humedal Córdoba,156,156,312,"0,31",Nodo paquero,Paca,8/2/2026,8/2/2026,"0,0",1,"0,00","0,00",https://www.instagram.com/pacaschoquenza?utm_source=ig_web_button_share_sheet&igsh=ZDNlZDc0MzIxNw==,449,Sábados 10:00 am a 11:30 am y Domingos 10:30 am a 12:00 m,https://maps.app.goo.gl/xT5P4cEYcQ7FSzG7A,"4.707935176705959, -74.07857728805129",Suba,Bogotá,Cundinamarca,$20.500,28,"0,12189","3,41","0,04","1,06483104",$21.829,"0,0000","0,000","0,000","0,000",110351,7500,12,625, $827.632.500,"0,03",$34.430,"0,46","0,1","366,7","6,9","2,6","500,0","162,5","150,0","46,5","0,7","254,2",16:1,"22,5"
Paqueros Parque de los Guatines,8040,8040,16080,"16,08",Nodo paquero,Paca,26/12/2024,28/2/2026,"1,2",74,"1,14","13,72",Sin red social,0,Viernes 2:00 pm,https://maps.app.goo.gl/pmHdbMZjAEVBnadF8,"3.4285069346191848, -76.55398795012121",Comuna 20,Cali,Valle del Cauca,$20.500,28,"0,12189","3,41","1,96","54,8797536",$1.125.035,"0,1393","1,672","3,901","46,817",176868,1800,12,150, $318.362.400,"1,34",$2.844.037,"0,46","7,4","366,7","6,9","2,6","500,0","162,5","150,0","46,5","0,7","254,2",16:1,"22,5"
Paquerxs del Neuque,"6728,77","6728,77","13457,54","13,46",Nodo paquero,Paca,21/3/2021,12/7/2026,"5,3",44,"0,21","2,54",https://www.instagram.com/paquerxsneuque?utm_source=ig_web_button_share_sheet&igsh=ZDNlZDc0MzIxNw==,145,Domingos cada 15 dias 10 am,https://maps.app.goo.gl/qNn7LT2YFDJr6HYp8,"4.623826740685889, -74.07170053794286",Teusaquillo,Bogotá,Cundinamarca,$20.500,28,"0,12189","3,41","1,64","45,92950742",$941.555,"0,0258","0,309","0,721","8,652",110351,7500,12,625, $827.632.500,"1,12",$1.485.053,"0,46","6,2","366,7","6,9","2,6","500,0","162,5","150,0","46,5","0,7","254,2",16:1,"22,5"
Paquerxs la Soledad Park Way,0,0,0,"0,00",Nodo paquero,Paca,,,"0,0",0,"0,00","0,00",Sin red social,0,Domingos cada 15 dias 10 am a 12:30 pm,https://maps.app.goo.gl/koLdvSjnUP7t5pqa7,"4.629821925065535, -74.07521962935635",Teusaquillo,Bogotá,Cundinamarca,$20.500,28,"0,12189","3,41","0,00",0,$0,"0,0000","0,000","0,000","0,000",110351,7500,12,625, $827.632.500,"0,00",$0,"0,00","0,0","0,0","0,0","0,0","0,0","0,0","0,0","0,0",0,"0,0","0,0","0,0"
Paquerxs Unidos - Andes,"17989,1","17989,1","35978,2","35,98",Nodo paquero,Paca,20/9/2020,14/6/2026,"5,7",78,"0,52","6,28",https://www.instagram.com/paqunidos?utm_source=ig_web_button_share_sheet&igsh=ZDNlZDc0MzIxNw==,999,Domingos cada 15 días de 7:30 am a 10:30 am,https://maps.app.goo.gl/9VdynMRBNF3aTaQX7,"4.683318076893056, -74.07040325656966",Barrios Unidos,Bogotá,Cundinamarca,$20.500,28,"0,12189","3,41","4,39","122,7907183",$2.517.210,"0,0637","0,765","1,785","21,417",110351,7500,12,625, $827.632.500,"3,00",$3.970.230,"0,46","16,5","366,7","6,9","2,6","500,0","162,5","150,0","46,5","0,7","254,2",16:1,"22,5"
Paquerxs Unidos - Brazo salitre,"28561,78","28561,78","57123,56","57,12",Nodo paquero,Paca,26/7/2020,18/1/2026,"5,5",138,"0,87","10,43",https://www.instagram.com/paqunidos?utm_source=ig_web_button_share_sheet&igsh=ZDNlZDc0MzIxNw==,999,Domingos cada 15 días de 7:30 am a 10:30 am,https://maps.app.goo.gl/n4EifqkUbh6vuKfg6,"4.659645133399892, -74.07958256397774",Barrios Unidos,Bogotá,Cundinamarca,$20.500,28,"0,12189","3,41","6,96","194,9581404",$3.996.642,"0,1059","1,271","2,966","35,591",110351,7500,12,625, $827.632.500,"4,76",$6.303.642,"0,46","26,1","366,7","6,9","2,6","500,0","162,5","150,0","46,5","0,7","254,2",16:1,"22,5"
Paquerxs Unidos - Polo,"337,3","337,3","674,6","0,67",Nodo paquero,Paca,1/2/2026,15/3/2026,"0,1",4,"0,46","5,52",https://www.instagram.com/paqunidos?utm_source=ig_web_button_share_sheet&igsh=ZDNlZDc0MzIxNw==,999,Domingos cada 15 días de 7:30 am a 10:30 am,https://maps.app.goo.gl/YbsY2WmRFtPH4VhE7,"4.674969544035437, -74.06257758939444",Barrios Unidos,Bogotá,Cundinamarca,$20.500,28,"0,12189","3,41","0,08","2,302355832",$47.198,"0,0561","0,673","1,570","18,837",110351,7500,12,625, $827.632.500,"0,06",$74.443,"0,46","0,3","366,7","6,9","2,6","500,0","162,5","150,0","46,5","0,7","254,2",16:1,"22,5"
Parque Ambiental Cantarrana,0,0,0,"0,00",Huerta urbana,Paca,,,"0,0",0,"0,00","0,00",https://www.facebook.com/profile.php?id=61556664878801,36,Martes y Jueves de 7:00 am a 11:00 am,https://maps.app.goo.gl/b3FpkCjm2G53MfsGA,"4.498896088806899, -74.11995399999999",Usme,Bogotá,Cundinamarca,$20.500,28,"0,12189","3,41","0,00",0,$0,"0,0000","0,000","0,000","0,000",110351,7500,12,625, $827.632.500,"0,00",$0,"0,00","0,0","0,0","0,0","0,0","0,0","0,0","0,0","0,0",0,"0,0","0,0","0,0"
Punto de Acopio Granados,8185,8185,16370,"16,37",Nodo paquero,Paca,20/12/2024,26/8/2025,"0,7",63,"2,00","23,96",https://www.instagram.com/paquerxscomuna20?utm_source=ig_contact_invite,229,"Jueves,9:00 am ",https://maps.app.goo.gl/rRK5MozGB97Hokvd7,"3.423877345515579, -76.56027335722172",Comuna 20,Cali,Valle del Cauca,$20.500,28,"0,12189","3,41","2,00","55,8695004",$1.145.325,"0,2433","2,920","6,813","81,760",176868,1800,12,150, $318.362.400,"1,36",$2.895.329,"0,46","7,5","366,7","6,9","2,6","500,0","162,5","150,0","46,5","0,7","254,2",16:1,"22,5"
Quebrada el Cedro,0,0,0,"0,00",Huerta urbana,Paca,,,"0,0",0,"0,00","0,00",https://www.instagram.com/quebradaelcedro?utm_source=ig_web_button_share_sheet&igsh=ZDNlZDc0MzIxNw==,447,Sábados 10 am,https://maps.app.goo.gl/Tz36nFMLtHBhcH4g7,"4.730611676515428, -74.03089784232759",Usaquén,Bogotá,Cundinamarca,$20.500,28,"0,12189","3,41","0,00",0,$0,"0,0000","0,000","0,000","0,000",110351,7500,12,625, $827.632.500,"0,00",$0,"0,00","0,0","0,0","0,0","0,0","0,0","0,0","0,0","0,0",0,"0,0","0,0","0,0"
Quinzata,"1730,7","1730,7","3461,4","3,46",Huerta urbana,Paca,21/3/2023,3/7/2026,"3,3",109,"0,09","1,05",https://www.instagram.com/huertaquinzata?igsh=MzRlODBiNWFlZA==,1842,Domingos 10:00 am a 2 pm,https://maps.app.goo.gl/WmBM9D23vvEZWCpK7,"4.724042267321705, -74.11325550523149",Engativá,Bogotá,Cundinamarca,$20.500,28,"0,12189","3,41","0,42","11,81348129",$242.176,"0,0107","0,129","0,300","3,598",110351,7500,12,625, $827.632.500,"0,29",$381.969,"0,46","1,6","366,7","6,9","2,6","500,0","162,5","150,0","46,5","0,7","254,2",16:1,"22,5"
Rads,0,0,0,"0,00",Comunidad,Paca,,,"0,0",0,"0,00","0,00",https://www.instagram.com/radscolombia/?hl=es,3895,Horario pendiente,https://maps.app.goo.gl/yRwX3XXLkK6TuLkp8,"5.833161775871925, -73.03750668465521",Duitama,Duitama,Boyaca,$20.500,28,"0,12189","3,41","0,00",0,$0,"0,0000","0,000","0,000","0,000",60000,70,12,6, $4.200.000,"0,00",$0,"0,00","0,0","0,0","0,0","0,0","0,0","0,0","0,0","0,0",0,"0,0","0,0","0,0"
Resiliencia,"3725,8","3725,8","7451,6","7,45",Huerta urbana,Paca,17/9/2023,12/7/2026,"2,8",45,"0,22","2,64",https://www.instagram.com/huertalaresiliencia?igsh=MzRlODBiNWFlZA==,2232,Domingos 9:30 am a 12 m,https://maps.app.goo.gl/krAn7pEDR6DuneZC6,"4.7302929074420925, -74.11422145767257",Engativá,Bogotá,Cundinamarca,$20.500,28,"0,12189","3,41","0,91","25,43171467",$521.350,"0,0268","0,322","0,752","9,020",110351,7500,12,625, $827.632.500,"0,62",$822.292,"0,46","3,4","366,7","6,9","2,6","500,0","162,5","150,0","46,5","0,7","254,2",16:1,"22,5"
Santa Catalina,"11,1","11,1","22,2","0,02",Huerta urbana,Paca,16/4/2024,13/7/2024,"0,2",8,"0,01","0,09",https://www.facebook.com/HuertAStaCata,826,Domingos 10 am a 6 pm,https://maps.app.goo.gl/WxaojzNpJJngoeFKA,"4.64879183052437, -74.13900427116373",Kenedy,Bogotá,Cundinamarca,$20.500,28,"0,12189","3,41","0,00","0,075766824",$1.553,"0,0009","0,011","0,026","0,314",110351,7500,12,625, $827.632.500,"0,00",$2.450,"0,46","0,0","366,7","6,9","2,6","500,0","162,5","150,0","46,5","0,7","254,2",16:1,"22,5"
Sendero Colibrí,"3427,85","3427,85","6855,7","6,86",Nodo paquero,Paca,2/12/2023,7/6/2026,"2,5",34,"0,23","2,73",https://www.facebook.com/PacaSenderoColibri?mibextid=ZbWKwL,609,Sábados cada 15 dias,https://maps.app.goo.gl/mZxpkydV8FLNqafr5,"4.633787040959684, -74.08922662883629",Puente Aranda,Bogotá,Cundinamarca,$20.500,28,"0,12189","3,41","0,84","23,39795564",$479.658,"0,0277","0,332","0,776","9,307",110351,7500,12,625, $827.632.500,"0,57",$756.533,"0,46","3,1","366,7","6,9","2,6","500,0","162,5","150,0","46,5","0,7","254,2",16:1,"22,5"
Shesewa,0,0,0,"0,00",Huerta urbana,Paca,,,"0,0",0,"0,00","0,00",https://www.instagram.com/huertashesewa?igsh=MzRlODBiNWFlZA==,660,Sábados 9:00 am a 11:00 am,https://maps.app.goo.gl/oTgxD2D4UtTs4bXF6,"4.696558831415457, -74.11203189999999",Engativá,Bogotá,Cundinamarca,$20.500,28,"0,12189","3,41","0,00",0,$0,"0,0000","0,000","0,000","0,000",110351,7500,12,625, $827.632.500,"0,00",$0,"0,00","0,0","0,0","0,0","0,0","0,0","0,0","0,0","0,0",0,"0,0","0,0","0,0"
Siata,0,0,0,"0,00",Huerta urbana,Paca,,,"0,0",0,"0,00","0,00",https://www.instagram.com/huerta.siata?igsh=MzRlODBiNWFlZA==,2440,Domingos 9:30 am,https://maps.app.goo.gl/h49fvvB3Py84zQwi6,"4.733868047532894, -74.05548765119151",Suba,Bogotá,Cundinamarca,$20.500,28,"0,12189","3,41","0,00",0,$0,"0,0000","0,000","0,000","0,000",110351,7500,12,625, $827.632.500,"0,00",$0,"0,00","0,0","0,0","0,0","0,0","0,0","0,0","0,0","0,0",0,"0,0","0,0","0,0"
Terraza Verde,267,267,534,"0,53",Huerta urbana,Paca,30/6/2025,30/6/2025,"0,0",1,"0,00","0,00",https://www.facebook.com/profile.php?id=61556664878801,36,Viernes 9:00 - 11:00 niños y 4:00 a 6:00 pm adultos,https://maps.app.goo.gl/oavN1iiNm693YAUx8,"4.497713742849349, -74.10394735581858",Usme,Bogotá,Cundinamarca,$20.500,28,"0,12189","3,41","0,07","1,82249928",$37.361,"0,0000","0,000","0,000","0,000",110351,7500,12,625, $827.632.500,"0,04",$58.927,"0,46","0,2","366,7","6,9","2,6","500,0","162,5","150,0","46,5","0,7","254,2",16:1,"22,5"
Tesla,0,0,0,"0,00",Huerta urbana,Paca,,,"0,0",0,"0,00","0,00",https://www.instagram.com/huertatesla?igsh=MzRlODBiNWFlZA==,855,Domingos 9 am a 12 m,https://maps.app.goo.gl/W73nJ8N9eyqFFGoJ8,"4.6681682790013195, -74.15405902706608",Fontibon,Bogotá,Cundinamarca,$20.500,28,"0,12189","3,41","0,00",0,$0,"0,0000","0,000","0,000","0,000",110351,7500,12,625, $827.632.500,"0,00",$0,"0,00","0,0","0,0","0,0","0,0","0,0","0,0","0,0","0,0",0,"0,0","0,0","0,0"
Tingüativa,0,0,0,"0,00",Huerta urbana,Paca,,,"0,0",0,"0,00","0,00",https://web.facebook.com/profile.php?id=100064737488647,646,Domingos 8 am a 2 pm,https://maps.google.com/?cid=14388600665173684854&entry=gps,"4.698033138250718, -74.10048512698228",Engativá,Bogotá,Cundinamarca,$20.500,28,"0,12189","3,41","0,00",0,$0,"0,0000","0,000","0,000","0,000",110351,7500,12,625, $827.632.500,"0,00",$0,"0,00","0,0","0,0","0,0","0,0","0,0","0,0","0,0","0,0",0,"0,0","0,0","0,0"
Tochua,"7868,23","7868,23","15736,46","15,74",Huerta urbana,Paca,11/6/2023,5/7/2026,"3,1",88,"0,43","5,13",https://www.instagram.com/huerta.tochua/,1220,Domingos 10 am a 12 m,https://maps.app.goo.gl/aAgspjT1RnuBT9dY8,"4.725765410148157, -74.10884584589454",Engativá,Bogotá,Cundinamarca,$20.500,28,"0,12189","3,41","1,92","53,70727906",$1.100.999,"0,0521","0,625","1,459","17,513",110351,7500,12,625, $827.632.500,"1,31",$1.736.534,"0,46","7,2","366,7","6,9","2,6","500,0","162,5","150,0","46,5","0,7","254,2",16:1,"22,5"
Uaque-Maloka,0,0,0,"0,00",Nodo paquero,Paca,,,"0,0",0,"0,00","0,00",Sin red social,0,Sábado o domingo cada 15 días 9 am,https://maps.app.goo.gl/gabS8eqk9uL1VLtY7,"4.656186687881522, -74.1094619",Barrios Unidos,Bogotá,Cundinamarca,$20.500,28,"0,12189","3,41","0,00",0,$0,"0,0000","0,000","0,000","0,000",110351,7500,12,625, $827.632.500,"0,00",$0,"0,00","0,0","0,0","0,0","0,0","0,0","0,0","0,0","0,0",0,"0,0","0,0","0,0"
Vive vibra verde,164025,0,164025,"164,03",Emprendimiento,Deshidratación,31/12/2023,31/7/2025,"1,6",21,"8,63","103,59",https://www.instagram.com/vive_vibraverde?igsh=ZHBkc25uempiYW00,3727,Horario pendiente,https://maps.app.goo.gl/uhcuJSa4ecQ73BdF7,"4.608437534161344, -74.1381975",Kenedy,Bogotá,Cundinamarca,$20.500,28,"0,12189","3,41","19,99","559,804203",$11.475.986,"1,0523","12,627","29,463","353,561",110351,7500,12,625, $827.632.500,"13,67",$18.100.323,"0,46","75,0","366,7","6,9","2,6","500,0","162,5","150,0","46,5","0,7","254,2",16:1,"22,5"
Xiegua,"1370,78","1370,78","2741,56","2,74",Huerta urbana,Paca,1/12/2024,13/7/2025,"0,6",34,"0,37","4,45",https://www.instagram.com/colectivo_xiegua?igsh=MzRlODBiNWFlZA==,881,"Huerta Martes 6 pm, Paca Sábados 11 am",https://maps.app.goo.gl/He6TCA69j42CAwHV9,"4.735139467850689, -74.03814126308768",Suba,Bogotá,Cundinamarca,$20.500,28,"0,12189","3,41","0,33","9,356724955",$191.813,"0,0452","0,542","1,264","15,173",110351,7500,12,625, $827.632.500,"0,23",$302.534,"0,46","1,3","366,7","6,9","2,6","500,0","162,5","150,0","46,5","0,7","254,2",16:1,"22,5"